doc_id,seg_id,translation,context,concatenated_context
55,141,"{'en': ""If you were not Abu Azzam's daughter ...""}","{'de': array(['Frau: Es gibt kein Paradies! Es existiert nur in deinem Kopf!',
       'Mann: Gott verbietet!', 'Gott möge dir verzeihen.'], dtype=object), 'en': array(['Woman: There is no Paradise! It only exists in your head!',
       'Man: God forbid!', 'May God forgive you.'], dtype=object), 'nl': array(['Vrouw: Er is geen Paradijs! Het bestaat alleen in je hoofd!',
       'Man: Alsjeblieft zeg!', 'Moge God je vergeven.'], dtype=object), 'ru': array(['Женщина: Рая не существует! он существует только в вашей голове!',
       'Мужчина: Бог запрещает!', 'Да простит тебя Бог.'], dtype=object)}","{'de': 'Frau: Es gibt kein Paradies! Es existiert nur in deinem Kopf! Mann: Gott verbietet! Gott möge dir verzeihen.', 'en': 'Woman: There is no Paradise! It only exists in your head! Man: God forbid! May God forgive you.', 'nl': 'Vrouw: Er is geen Paradijs! Het bestaat alleen in je hoofd! Man: Alsjeblieft zeg! Moge God je vergeven.', 'ru': 'Женщина: Рая не существует! он существует только в вашей голове! Мужчина: Бог запрещает! Да простит тебя Бог.'}"
103,49,"{'en': 'And I said, ""Well, how do you hear it?""'}","{'de': array(['Und so weiter. Da gibt es ein wenig Unterschied, den es wert ist - - darüber nachzudenken. Und ich erinnere mich, als ich 12 Jahre alt war, und ich begann Tympani und Percussion zu spielen, und mein Lehrer sagte, ""Nun, wie werden wir das tun? Du weißt, Musik geht darum, zu hören.""',
       'Und ich sagte: ""Ja, ich bin damit einverstanden. Wo liegt das Problem?""',
       'Und er sagte: ""Nun, wie wirst du das hören? Wie wirst du das hören?""'],
      dtype=object), 'en': array(['And so on. There is a little bit of a difference there that is worth just -- -- thinking about. And I remember when I was 12 years old, and I started playing tympani and percussion, and my teacher said, ""Well, how are we going to do this? You know, music is about listening.""',
       'And I said, ""Yes, I agree with that. So what\'s the problem?""',
       'And he said, ""Well, how are you going to hear this? How are you going to hear that?""'],
      dtype=object), 'nl': array(['en zo verder. Er zit een klein verschil op, dat de moeite is -- -- om over na te denken Ik herinner mij dat ik op mijn twaalfde op pauken en percussie begon te spelen. Mijn leraar zei: ""Wel, hoe gaan we dat doen? Muziek gaat om luisteren.""',
       '""Ja, akkoord. En wat is het probleem?""',
       'Hij zei: ""Hoe ga je dit horen? Hoe ga je dat horen?""'],
      dtype=object), 'ru': array(['И так далее. Здесь есть небольшая разница, о которой стоит просто подумать. И я помню, когда мне было 12 лет, и я начал играть на барабане и перкуссии, мой учитель спросил: ""Ну и как мы будем это делать?"" Ты же знаешь, музыка - это то, что нужно слушать.""',
       'И я сказал: ""Да, я согласен с этим. Так в чем проблема?""',
       'И он сказал: ""Ну, и как ты собираешься это услышать? Как ты собираешься это услышать?""'],
      dtype=object)}","{'de': 'Und so weiter. Da gibt es ein wenig Unterschied, den es wert ist - - darüber nachzudenken. Und ich erinnere mich, als ich 12 Jahre alt war, und ich begann Tympani und Percussion zu spielen, und mein Lehrer sagte, ""Nun, wie werden wir das tun? Du weißt, Musik geht darum, zu hören."" Und ich sagte: ""Ja, ich bin damit einverstanden. Wo liegt das Problem?"" Und er sagte: ""Nun, wie wirst du das hören? Wie wirst du das hören?""', 'en': 'And so on. There is a little bit of a difference there that is worth just -- -- thinking about. And I remember when I was 12 years old, and I started playing tympani and percussion, and my teacher said, ""Well, how are we going to do this? You know, music is about listening."" And I said, ""Yes, I agree with that. So what\'s the problem?"" And he said, ""Well, how are you going to hear this? How are you going to hear that?""', 'nl': 'en zo verder. Er zit een klein verschil op, dat de moeite is -- -- om over na te denken Ik herinner mij dat ik op mijn twaalfde op pauken en percussie begon te spelen. Mijn leraar zei: ""Wel, hoe gaan we dat doen? Muziek gaat om luisteren."" ""Ja, akkoord. En wat is het probleem?"" Hij zei: ""Hoe ga je dit horen? Hoe ga je dat horen?""', 'ru': 'И так далее. Здесь есть небольшая разница, о которой стоит просто подумать. И я помню, когда мне было 12 лет, и я начал играть на барабане и перкуссии, мой учитель спросил: ""Ну и как мы будем это делать?"" Ты же знаешь, музыка - это то, что нужно слушать."" И я сказал: ""Да, я согласен с этим. Так в чем проблема?"" И он сказал: ""Ну, и как ты собираешься это услышать? Как ты собираешься это услышать?""'}"
209,346,"{'en': 'And I said, ""It came from your music, man. Because Mr. Ross used to bring in your albums when I was 16 years old in the pottery class,'}","{'de': array(['Und so hat er eine Gruppe von Leuten versammelt.',
       'Und ich habe mich in ihn verliebt, wie ich mich in Herbie und seine Musik verliebt habe.',
       'Und Quincy sagte: ""Wo kam die Idee für solche Zentren her?""'],
      dtype=object), 'en': array([""And so he's assembled a group of people."",
       ""And I've fallen in love with him, as I have with Herbie and with his music."",
       'And Quincy said, ""Where did the idea for centers like this come from?""'],
      dtype=object), 'nl': array(['Hij verzamelde een groep mensen.',
       'Ik ben helemaal weg van hem, net als van Herbie en zijn muziek.',
       'Quincy zei: ""Waar kwam de idee voor centra als dit vandaan?""'],
      dtype=object), 'ru': array(['И вот он собрал группу людей.',
       'И я влюбился в него, как и в Херби, и в его музыку.',
       'И Куинси спросил: ""Откуда взялась идея создания подобных центров?""'],
      dtype=object)}","{'de': 'Und so hat er eine Gruppe von Leuten versammelt. Und ich habe mich in ihn verliebt, wie ich mich in Herbie und seine Musik verliebt habe. Und Quincy sagte: ""Wo kam die Idee für solche Zentren her?""', 'en': 'And so he\'s assembled a group of people. And I\'ve fallen in love with him, as I have with Herbie and with his music. And Quincy said, ""Where did the idea for centers like this come from?""', 'nl': 'Hij verzamelde een groep mensen. Ik ben helemaal weg van hem, net als van Herbie en zijn muziek. Quincy zei: ""Waar kwam de idee voor centra als dit vandaan?""', 'ru': 'И вот он собрал группу людей. И я влюбился в него, как и в Херби, и в его музыку. И Куинси спросил: ""Откуда взялась идея создания подобных центров?""'}"
413,236,"{'en': ""Sure. We'll make you a big batch.""}","{'de': array(['Sie sagten, sie würden uns schlagen, wenn wir ihnen kein Pfefferpulver machen würden.',
       'Wir haben uns gefragt, was soll man damit machen?',
       'Sie sagten, wir werden es schmelzen und Raketenbrennstoff machen.'],
      dtype=object), 'en': array([""They said they were going to beat us up if we didn't make some gunpowder for them."",
       'We said, well, what are you going to do with it?',
       ""They said, we're going to melt it down and make rocket fuel.""],
      dtype=object), 'nl': array(['Ze gingen ons een pak rammel geven als we niet wat buskruit voor hen zouden maken.',
       'Wij vroegen wat ze ermee wilden doen.',
       'Zij zeiden: ""We gaan het smelten om er raketbrandstof van te maken.""'],
      dtype=object), 'ru': array(['Они сказали, что изобьют нас, если мы не сделаем для них немного пороха.',
       'Мы сказали, хорошо, что вы будете делать с этим?',
       'Они сказали, что мы собираемся расплавить его и сделать ракетное топливо.'],
      dtype=object)}","{'de': 'Sie sagten, sie würden uns schlagen, wenn wir ihnen kein Pfefferpulver machen würden. Wir haben uns gefragt, was soll man damit machen? Sie sagten, wir werden es schmelzen und Raketenbrennstoff machen.', 'en': ""They said they were going to beat us up if we didn't make some gunpowder for them. We said, well, what are you going to do with it? They said, we're going to melt it down and make rocket fuel."", 'nl': 'Ze gingen ons een pak rammel geven als we niet wat buskruit voor hen zouden maken. Wij vroegen wat ze ermee wilden doen. Zij zeiden: ""We gaan het smelten om er raketbrandstof van te maken.""', 'ru': 'Они сказали, что изобьют нас, если мы не сделаем для них немного пороха. Мы сказали, хорошо, что вы будете делать с этим? Они сказали, что мы собираемся расплавить его и сделать ракетное топливо.'}"
673,107,"{'en': 'And the rich man -- oh, dear -- crestfallen. ""You mean God didn\'t want my bread?""'}","{'de': array(['Der Rabbiner kam hinein und sah, was geschah.',
       'Und er rief die beiden zu seinem Büro.',
       'Und er sagte: ""Das ist, was passiert.""'], dtype=object), 'en': array(['The rabbi came in and saw what was going on.',
       'And he called the two of them to his office.',
       'And he said, you know, ""This is what\'s happening.""'],
      dtype=object), 'nl': array(['De rabbijn zag wat er aan de hand was.',
       'En hij riep de beide mannen in zijn kantoor.',
       'En hij zei: ""Weten jullie, dit is er aan de hand.""'], dtype=object), 'ru': array(['Раввин вошел и увидел, что происходит.',
       'И он позвал их обоих к себе в кабинет.',
       'И он сказал, знаете, ""Вот что происходит"".'], dtype=object)}","{'de': 'Der Rabbiner kam hinein und sah, was geschah. Und er rief die beiden zu seinem Büro. Und er sagte: ""Das ist, was passiert.""', 'en': 'The rabbi came in and saw what was going on. And he called the two of them to his office. And he said, you know, ""This is what\'s happening.""', 'nl': 'De rabbijn zag wat er aan de hand was. En hij riep de beide mannen in zijn kantoor. En hij zei: ""Weten jullie, dit is er aan de hand.""', 'ru': 'Раввин вошел и увидел, что происходит. И он позвал их обоих к себе в кабинет. И он сказал, знаете, ""Вот что происходит"".'}"
673,110,"{'en': 'You\'ve misunderstood totally,"" he said.'}","{'de': array(['Und der reiche Mann – oh, liebe – fiel auf den Kopf. ""Du meinst, Gott wollte mein Brot nicht?""',
       'Und der arme Mann sagte: ""Und meinst du, dass Gott meine Bitten nicht beantwortet hat?""',
       'Und der Rabbiner sagte: ""Sie haben mich falsch verstanden.'],
      dtype=object), 'en': array(['And the rich man -- oh, dear -- crestfallen. ""You mean God didn\'t want my bread?""',
       'And the poor man said, ""And you mean God didn\'t answer my pleas?""',
       'And the rabbi said, ""You\'ve misunderstood me.'], dtype=object), 'nl': array(['En de rijke man -- oh, lieve hemel -- teneergeslagen: ""U bedoelt dat God mijn broden niet wilde hebben?""',
       'En de arme man zei: ""En u bedoelt dat God mijn gebeden niet verhoorde?""',
       'En de rabbijn zei: ""Jullie hebben me verkeerd begrepen.""'],
      dtype=object), 'ru': array(['И богач - о боже! - пал духом. ""Ты хочешь сказать, что Богу не нужен был мой хлеб?""',
       'И бедняк сказал: ""И ты хочешь сказать, что Бог не ответил на мои мольбы?""',
       'И раввин сказал: ""Вы меня неправильно поняли.'], dtype=object)}","{'de': 'Und der reiche Mann – oh, liebe – fiel auf den Kopf. ""Du meinst, Gott wollte mein Brot nicht?"" Und der arme Mann sagte: ""Und meinst du, dass Gott meine Bitten nicht beantwortet hat?"" Und der Rabbiner sagte: ""Sie haben mich falsch verstanden.', 'en': 'And the rich man -- oh, dear -- crestfallen. ""You mean God didn\'t want my bread?"" And the poor man said, ""And you mean God didn\'t answer my pleas?"" And the rabbi said, ""You\'ve misunderstood me.', 'nl': 'En de rijke man -- oh, lieve hemel -- teneergeslagen: ""U bedoelt dat God mijn broden niet wilde hebben?"" En de arme man zei: ""En u bedoelt dat God mijn gebeden niet verhoorde?"" En de rabbijn zei: ""Jullie hebben me verkeerd begrepen.""', 'ru': 'И богач - о боже! - пал духом. ""Ты хочешь сказать, что Богу не нужен был мой хлеб?"" И бедняк сказал: ""И ты хочешь сказать, что Бог не ответил на мои мольбы?"" И раввин сказал: ""Вы меня неправильно поняли.'}"
708,134,"{'en': 'Was yours unhappy?""'}","{'de': array(['Es war nicht dieses Arm-Wrestle, aber es war ein wenig überraschend für die betroffene Person.',
       'Ich interviewte Steve Martin. Es war nicht allzu lange her.',
       'Und wir saßen da, und fast zum Beginn des Interviews drehte ich mich zu ihm und sagte: ""Steve"", oder ""Herr Martin, man sagt, dass alle Komiker unglückliche Kindheit haben.'],
      dtype=object), 'en': array([""It wasn't this arm-wrestle, but it was a little surprising for the person involved."",
       ""I interviewed Steve Martin. It wasn't all that long ago."",
       'And we were sitting there, and almost toward the beginning of the interview, I turned to him and I said, ""Steve,"" or ""Mr. Martin, it is said that all comedians have unhappy childhoods.'],
      dtype=object), 'nl': array(['Het was geen armpje drukken, maar het was best verrassend voor de betreffende persoon.',
       'Ik interviewde Steve Martin. Dat was niet zo heel lang geleden.',
       'En we zaten daar, en bijna aan het begin van het interview, draaide ik me naar hem toe en zei: ""Steve,"" of ""Meneer Martin, er wordt gezegd dat alle komieken een ongelukkige jeugd hebben.'],
      dtype=object), 'ru': array(['Это был не настоящий армрестлинг, но для человека, участвовавшего в нем, это было немного неожиданно.',
       'Я брал интервью у Стива Мартина. Это было не так давно.',
       'Мы сидели там, и почти в самом начале интервью я повернулся к нему и сказал: ""Стив"", или ""Мистер Мартин, говорят, что у всех комиков несчастливое детство.'],
      dtype=object)}","{'de': 'Es war nicht dieses Arm-Wrestle, aber es war ein wenig überraschend für die betroffene Person. Ich interviewte Steve Martin. Es war nicht allzu lange her. Und wir saßen da, und fast zum Beginn des Interviews drehte ich mich zu ihm und sagte: ""Steve"", oder ""Herr Martin, man sagt, dass alle Komiker unglückliche Kindheit haben.', 'en': 'It wasn\'t this arm-wrestle, but it was a little surprising for the person involved. I interviewed Steve Martin. It wasn\'t all that long ago. And we were sitting there, and almost toward the beginning of the interview, I turned to him and I said, ""Steve,"" or ""Mr. Martin, it is said that all comedians have unhappy childhoods.', 'nl': 'Het was geen armpje drukken, maar het was best verrassend voor de betreffende persoon. Ik interviewde Steve Martin. Dat was niet zo heel lang geleden. En we zaten daar, en bijna aan het begin van het interview, draaide ik me naar hem toe en zei: ""Steve,"" of ""Meneer Martin, er wordt gezegd dat alle komieken een ongelukkige jeugd hebben.', 'ru': 'Это был не настоящий армрестлинг, но для человека, участвовавшего в нем, это было немного неожиданно. Я брал интервью у Стива Мартина. Это было не так давно. Мы сидели там, и почти в самом начале интервью я повернулся к нему и сказал: ""Стив"", или ""Мистер Мартин, говорят, что у всех комиков несчастливое детство.'}"
924,19,"{'en': 'The American way, to quote Burger King, is to ""have it your way,"" because, as Starbucks says, ""happiness is in your choices.""'}","{'de': array(['Mein Versäumnis, mir eine Tasse süßen grünen Tee zu besorgen, war nicht auf ein einfaches Missverständnis zurückzuführen.',
       'Dies war auf Grund eines grundlegenden Unterschieds in unseren Vorstellungen über die Wahl zurückzuführen.',
       'Aus meiner amerikanischen Perspektive, wenn ein zahlender Kunde eine angemessene Anfrage basierend auf ihren Vorlieben macht, hat sie jedes Recht, dass diese Anfrage erfüllt wird.'],
      dtype=object), 'en': array(['My failure to procure myself a cup of sweet, green tea was not due to a simple misunderstanding.',
       'This was due to a fundamental difference in our ideas about choice.',
       'From my American perspective, when a paying customer makes a reasonable request based on her preferences, she has every right to have that request met.'],
      dtype=object), 'nl': array(['Dat ik had gefaald om mezelf aan een kop zoete groene thee te helpen, was niet zomaar een misverstand.',
       'Het was te wijten aan een fundamenteel verschil in onze ideeën over keuze.',
       'Vanuit mijn Amerikaanse perspectief heeft een betalende klant die een redelijk verzoek doet, op basis van haar voorkeuren, het recht om te krijgen wat ze vraagt.'],
      dtype=object), 'ru': array(['Моя неудача приобрести себе чашку сладкого зеленого чая не была причиной простого недоразумения.',
       'Это было связано с фундаментальным различием в наших мыслях о выборе.',
       'С моей американской точки зрения, когда оплачивающий клиент делает разумный запрос на основе своих предпочтений, у него есть все права на удовлетворение этого запроса.'],
      dtype=object)}","{'de': 'Mein Versäumnis, mir eine Tasse süßen grünen Tee zu besorgen, war nicht auf ein einfaches Missverständnis zurückzuführen. Dies war auf Grund eines grundlegenden Unterschieds in unseren Vorstellungen über die Wahl zurückzuführen. Aus meiner amerikanischen Perspektive, wenn ein zahlender Kunde eine angemessene Anfrage basierend auf ihren Vorlieben macht, hat sie jedes Recht, dass diese Anfrage erfüllt wird.', 'en': 'My failure to procure myself a cup of sweet, green tea was not due to a simple misunderstanding. This was due to a fundamental difference in our ideas about choice. From my American perspective, when a paying customer makes a reasonable request based on her preferences, she has every right to have that request met.', 'nl': 'Dat ik had gefaald om mezelf aan een kop zoete groene thee te helpen, was niet zomaar een misverstand. Het was te wijten aan een fundamenteel verschil in onze ideeën over keuze. Vanuit mijn Amerikaanse perspectief heeft een betalende klant die een redelijk verzoek doet, op basis van haar voorkeuren, het recht om te krijgen wat ze vraagt.', 'ru': 'Моя неудача приобрести себе чашку сладкого зеленого чая не была причиной простого недоразумения. Это было связано с фундаментальным различием в наших мыслях о выборе. С моей американской точки зрения, когда оплачивающий клиент делает разумный запрос на основе своих предпочтений, у него есть все права на удовлетворение этого запроса.'}"
987,14,"{'en': 'Yeah well, you guys are making my life miserable because track pads used to be round, a nice round shape.'}","{'de': array(['Und Sie wissen natürlich, warum.',
       'Dies ist wegen der Technologie - ja.',
       'Gibt es Computer-Designer in diesem Raum?'], dtype=object), 'en': array(['And you know the reason why, of course.',
       'This is because of technology -- yeah.',
       'Any computer designers in the room?'], dtype=object), 'nl': array(['En jullie willen weten waarom, natuurlijk.',
       'Vanwege de technologie.',
       'Zijn er computerontwerpers aanwezig in de zaal?'], dtype=object), 'ru': array(['И вы, конечно, знаете причину этого.',
       'Это из-за технологий - да.', 'Есть здесь компьютерные дизайнеры?'],
      dtype=object)}","{'de': 'Und Sie wissen natürlich, warum. Dies ist wegen der Technologie - ja. Gibt es Computer-Designer in diesem Raum?', 'en': 'And you know the reason why, of course. This is because of technology -- yeah. Any computer designers in the room?', 'nl': 'En jullie willen weten waarom, natuurlijk. Vanwege de technologie. Zijn er computerontwerpers aanwezig in de zaal?', 'ru': 'И вы, конечно, знаете причину этого. Это из-за технологий - да. Есть здесь компьютерные дизайнеры?'}"
1042,202,"{'en': 'We just need you to be authentic and real and say ... ""We\'re sorry. We\'ll fix it."" But there\'s another way, and I\'ll leave you with this.'}","{'de': array(['Wir tun das in unserem persönlichen Leben.',
       'Wir machen das Unternehmen - ob es eine Rettungsaktion ist, ein Ölverschmutz... ein Rückruf. Wir fingen an, dass das, was wir tun, keinen großen Einfluss auf andere Menschen hat.',
       'Ich würde den Unternehmen sagen, das ist nicht unser erstes Rodeo, Leute.'],
      dtype=object), 'en': array(['We do that in our personal lives.',
       ""We do that corporate -- whether it's a bailout, an oil spill ... a recall. We pretend like what we're doing doesn't have a huge impact on other people."",
       'I would say to companies, this is not our first rodeo, people.'],
      dtype=object), 'nl': array(['Dat doen we in ons persoonlijke leven.',
       'We doen dat in het bedrijfsleven -- of het nu gaat om steun aan banken of een olieramp een terugroepactie -- we doen net alsof wat we doen geen enorme impact heeft op andere mensen.',
       'Ik wil tegen bedrijven zeggen: ""We zijn niet van gisteren, mensen.'],
      dtype=object), 'ru': array(['Мы делаем это в нашей личной жизни.',
       'Мы занимаемся корпоративными делами - будь то спасение компании или разлив нефти... напоминаем. Мы притворяемся, что то, что мы делаем, не оказывает огромного влияния на других людей.',
       'Я бы сказал компаниям: это не первое наше родео, ребята.'],
      dtype=object)}","{'de': 'Wir tun das in unserem persönlichen Leben. Wir machen das Unternehmen - ob es eine Rettungsaktion ist, ein Ölverschmutz... ein Rückruf. Wir fingen an, dass das, was wir tun, keinen großen Einfluss auf andere Menschen hat. Ich würde den Unternehmen sagen, das ist nicht unser erstes Rodeo, Leute.', 'en': ""We do that in our personal lives. We do that corporate -- whether it's a bailout, an oil spill ... a recall. We pretend like what we're doing doesn't have a huge impact on other people. I would say to companies, this is not our first rodeo, people."", 'nl': 'Dat doen we in ons persoonlijke leven. We doen dat in het bedrijfsleven -- of het nu gaat om steun aan banken of een olieramp een terugroepactie -- we doen net alsof wat we doen geen enorme impact heeft op andere mensen. Ik wil tegen bedrijven zeggen: ""We zijn niet van gisteren, mensen.', 'ru': 'Мы делаем это в нашей личной жизни. Мы занимаемся корпоративными делами - будь то спасение компании или разлив нефти... напоминаем. Мы притворяемся, что то, что мы делаем, не оказывает огромного влияния на других людей. Я бы сказал компаниям: это не первое наше родео, ребята.'}"
1190,182,"{'en': ""And it turns out that you're right and I'm wrong.""}","{'de': array(['Und nachdem die Studie für eine Weile gelaufen war, versammelte er alle seine Kollegen um seinen Tisch, und er sagte: ""Nun, Herren, wir haben einige vorläufige Ergebnisse.',
       'Sie sind nicht statistisch signifikant.', 'Aber wir haben etwas.'],
      dtype=object), 'en': array(['And after the trial had been running for a little while, he gathered together all his colleagues around his table, and he said, ""Well, gentlemen, we have some preliminary results.',
       ""They're not statistically significant."", 'But we have something.'],
      dtype=object), 'nl': array([""Nadat de studie een tijdje bezig was, verzamelde hij al zijn collega's rond zijn tafel, en hij zei: “Nou, heren, we hebben een aantal voorlopige resultaten."",
       'Ze zijn niet statistisch significant.', 'Maar we hebben iets.'],
      dtype=object), 'ru': array(['И после того, как судебный процесс продолжался некоторое время, он собрал всех своих коллег за своим столом и сказал: ""Итак, джентльмены, у нас есть некоторые предварительные результаты.',
       'Они не являются статистически значимыми.',
       'Но у нас есть что-то.'], dtype=object)}","{'de': 'Und nachdem die Studie für eine Weile gelaufen war, versammelte er alle seine Kollegen um seinen Tisch, und er sagte: ""Nun, Herren, wir haben einige vorläufige Ergebnisse. Sie sind nicht statistisch signifikant. Aber wir haben etwas.', 'en': 'And after the trial had been running for a little while, he gathered together all his colleagues around his table, and he said, ""Well, gentlemen, we have some preliminary results. They\'re not statistically significant. But we have something.', 'nl': ""Nadat de studie een tijdje bezig was, verzamelde hij al zijn collega's rond zijn tafel, en hij zei: “Nou, heren, we hebben een aantal voorlopige resultaten. Ze zijn niet statistisch significant. Maar we hebben iets."", 'ru': 'И после того, как судебный процесс продолжался некоторое время, он собрал всех своих коллег за своим столом и сказал: ""Итак, джентльмены, у нас есть некоторые предварительные результаты. Они не являются статистически значимыми. Но у нас есть что-то.'}"
1391,56,"{'en': 'We\'d appreciate it if you wouldn\'t mention vulnerability or shame.""'}","{'de': array(['Eine der seltsamen Dinge, die geschehen sind, ist, dass ich nach der TED-Explosion viele Angebote erhielt, um im ganzen Land zu sprechen - von Schulen und Elterntreffen bis zu Fortune 500-Unternehmen.',
       'Und so viele der Anrufe gingen so: ""Dr. Brown, wir haben Ihren TED-Vortrag geliebt.',
       'Wir möchten, dass Sie kommen und sprechen.'], dtype=object), 'en': array([""One of the weird things that's happened is, after the TED explosion, I got a lot of offers to speak all over the country -- everyone from schools and parent meetings to Fortune 500 companies."",
       'And so many of the calls went like this, ""Dr. Brown, we loved your TED talk.',
       ""We'd like you to come in and speak.""], dtype=object), 'nl': array(['Eén van de rare dingen die gebeurden na de TED-explosie, is dat ik overal gevraagd werd om te spreken -- van scholen en ouderavonden tot Fortune 500-bedrijven.',
       'Vele gesprekken verliepen als volgt: ""Hallo, Dr. Brown. We zijn dol op uw TEDTalk.',
       'We willen u graag als spreker.'], dtype=object), 'ru': array(['Одна из странных вещей, которая произошла, заключается в том, что после громкого выступления на TED я получил множество предложений выступить по всей стране - от всех, от школ и родительских собраний до компаний из списка Fortune 500.',
       'И очень многие звонки были примерно такими: ""Доктор Браун, нам очень понравилось ваше выступление на TED.',
       'Мы бы хотели, чтобы вы пришли и выступили.'], dtype=object)}","{'de': 'Eine der seltsamen Dinge, die geschehen sind, ist, dass ich nach der TED-Explosion viele Angebote erhielt, um im ganzen Land zu sprechen - von Schulen und Elterntreffen bis zu Fortune 500-Unternehmen. Und so viele der Anrufe gingen so: ""Dr. Brown, wir haben Ihren TED-Vortrag geliebt. Wir möchten, dass Sie kommen und sprechen.', 'en': 'One of the weird things that\'s happened is, after the TED explosion, I got a lot of offers to speak all over the country -- everyone from schools and parent meetings to Fortune 500 companies. And so many of the calls went like this, ""Dr. Brown, we loved your TED talk. We\'d like you to come in and speak.', 'nl': 'Eén van de rare dingen die gebeurden na de TED-explosie, is dat ik overal gevraagd werd om te spreken -- van scholen en ouderavonden tot Fortune 500-bedrijven. Vele gesprekken verliepen als volgt: ""Hallo, Dr. Brown. We zijn dol op uw TEDTalk. We willen u graag als spreker.', 'ru': 'Одна из странных вещей, которая произошла, заключается в том, что после громкого выступления на TED я получил множество предложений выступить по всей стране - от всех, от школ и родительских собраний до компаний из списка Fortune 500. И очень многие звонки были примерно такими: ""Доктор Браун, нам очень понравилось ваше выступление на TED. Мы бы хотели, чтобы вы пришли и выступили.'}"
1478,98,"{'en': ""But you're not looking at the U.S. Constitution.""}","{'de': array(['Nicht basierend auf der Qualität Ihrer Arbeit, wie lange Sie dort gewesen sind, wenn Sie schmücken, nur wenn Sie Homosexuell, Lesben, Bisexuell oder Transgender sind.',
       'All das fliesst gegen die homosexuelle Agenda, auch bekannt als die US-Verfassung.',
       'Speziell dieser kleine Änderungsantrag hier: ""Kein Staat darf Gesetze erlassen oder durchsetzen, die die Privilegien oder Immunitäten der Bürger der Vereinigten Staaten verringern."" Ich schaue dich an, North Carolina.'],
      dtype=object), 'en': array([""Not based upon the quality of your work, how long you've been there, if you stink, just if you're gay, lesbian, bisexual or transgendered."",
       'All of which flies in the face of the gay agenda, also known as the U.S. Constitution.',
       'Specifically, this little amendment right here: ""No state shall make or enforce any law which shall abridge the privileges or immunities of citizens of the United States."" I\'m looking at you, North Carolina.'],
      dtype=object), 'nl': array(['Niet omwille van de kwaliteit van je werk, of hoe lang je daar al werkt, of je stinkt, alleen maar omdat je homo, lesbisch, biseksueel of transseksueel bent.',
       'Allemaal in tegenspraak met de homoseksuele agenda, ook bekend als de Amerikaanse grondwet.',
       'Specifiek, dit kleine amendement hier: ‘Geen enkele staat mag enige wet maken of opleggen die de voorrechten of immuniteiten van de burgers van de Verenigde Staten zal inperken.’ Ik kijk naar je, North Carolina.'],
      dtype=object), 'ru': array(['Не зависит от качества вашей работы, от того, как долго вы там работаете, воняете ли вы, просто от того, являетесь ли вы геем, лесбиянкой, бисексуалом или трансгендером.',
       'Все это противоречит гей-программе, также известной как Конституция США.',
       'В частности, вот эта небольшая поправка: ""Ни один штат не должен издавать или обеспечивать соблюдение законов, которые ограничивают привилегии или иммунитеты граждан Соединенных Штатов"". Я смотрю на тебя, Северная Каролина.'],
      dtype=object)}","{'de': 'Nicht basierend auf der Qualität Ihrer Arbeit, wie lange Sie dort gewesen sind, wenn Sie schmücken, nur wenn Sie Homosexuell, Lesben, Bisexuell oder Transgender sind. All das fliesst gegen die homosexuelle Agenda, auch bekannt als die US-Verfassung. Speziell dieser kleine Änderungsantrag hier: ""Kein Staat darf Gesetze erlassen oder durchsetzen, die die Privilegien oder Immunitäten der Bürger der Vereinigten Staaten verringern."" Ich schaue dich an, North Carolina.', 'en': 'Not based upon the quality of your work, how long you\'ve been there, if you stink, just if you\'re gay, lesbian, bisexual or transgendered. All of which flies in the face of the gay agenda, also known as the U.S. Constitution. Specifically, this little amendment right here: ""No state shall make or enforce any law which shall abridge the privileges or immunities of citizens of the United States."" I\'m looking at you, North Carolina.', 'nl': 'Niet omwille van de kwaliteit van je werk, of hoe lang je daar al werkt, of je stinkt, alleen maar omdat je homo, lesbisch, biseksueel of transseksueel bent. Allemaal in tegenspraak met de homoseksuele agenda, ook bekend als de Amerikaanse grondwet. Specifiek, dit kleine amendement hier: ‘Geen enkele staat mag enige wet maken of opleggen die de voorrechten of immuniteiten van de burgers van de Verenigde Staten zal inperken.’ Ik kijk naar je, North Carolina.', 'ru': 'Не зависит от качества вашей работы, от того, как долго вы там работаете, воняете ли вы, просто от того, являетесь ли вы геем, лесбиянкой, бисексуалом или трансгендером. Все это противоречит гей-программе, также известной как Конституция США. В частности, вот эта небольшая поправка: ""Ни один штат не должен издавать или обеспечивать соблюдение законов, которые ограничивают привилегии или иммунитеты граждан Соединенных Штатов"". Я смотрю на тебя, Северная Каролина.'}"
1695,205,{'en': 'What is it about you?'},"{'de': array(['CA: Wie cool ist das? Elon, wie hast du das gemacht?',
       'Diese Projekte sind so - Paypal, SolarCity, Tesla, SpaceX, sie sind so spektakulär verschieden, sie sind so ehrgeizige Projekte auf Skala.',
       'Wie ist es überhaupt möglich, dass eine Person auf diese Weise innovativ ist?'],
      dtype=object), 'en': array(['CA: How cool is that? Elon, how have you done this?',
       ""These projects are so -- Paypal, SolarCity, Tesla, SpaceX, they're so spectacularly different, they're such ambitious projects at scale."",
       'How on Earth has one person been able to innovate in this way?'],
      dtype=object), 'nl': array(['CA: Hoe gaaf is data Elon, hoe heb je dit gedaan?',
       'Deze projecten zijn zo -- PayPal, SolarCity, Tesla, SpaceX, ze zijn zo spectaculair anders, het zijn zeer grote, ambitieuze projecten.',
       'Hoe is het in hemelsnaam mogelijk, dat één persoon zó kan innoveren?'],
      dtype=object), 'ru': array(['КА: Насколько это здорово? Элон, как вы это сделали?',
       'Эти проекты такие — Paypal, SolarCity, Tesla, SpaceX, они настолько впечатляюще разные, они такие амбициозные проекты по масштабу.',
       'Как это возможно чтобы один человек смог внедрить инновации таким образом?'],
      dtype=object)}","{'de': 'CA: Wie cool ist das? Elon, wie hast du das gemacht? Diese Projekte sind so - Paypal, SolarCity, Tesla, SpaceX, sie sind so spektakulär verschieden, sie sind so ehrgeizige Projekte auf Skala. Wie ist es überhaupt möglich, dass eine Person auf diese Weise innovativ ist?', 'en': ""CA: How cool is that? Elon, how have you done this? These projects are so -- Paypal, SolarCity, Tesla, SpaceX, they're so spectacularly different, they're such ambitious projects at scale. How on Earth has one person been able to innovate in this way?"", 'nl': 'CA: Hoe gaaf is data Elon, hoe heb je dit gedaan? Deze projecten zijn zo -- PayPal, SolarCity, Tesla, SpaceX, ze zijn zo spectaculair anders, het zijn zeer grote, ambitieuze projecten. Hoe is het in hemelsnaam mogelijk, dat één persoon zó kan innoveren?', 'ru': 'КА: Насколько это здорово? Элон, как вы это сделали? Эти проекты такие — Paypal, SolarCity, Tesla, SpaceX, они настолько впечатляюще разные, они такие амбициозные проекты по масштабу. Как это возможно чтобы один человек смог внедрить инновации таким образом?'}"
1706,93,"{'en': 'And I asked them, I said, ""How many of you now show up to work later than you used to?""'}","{'de': array(['Und die Woche vor meiner Ankunft ging der CEO dieses großen Software-Unternehmens zu dieser Gruppe, 200 Ingenieure, und kündigte das Projekt an.',
       'Und ich stand da vor 200 der deprimierendsten Menschen, mit denen ich je gesprochen habe.',
       'Und ich beschrieb ihnen einige dieser Lego-Experimente, und sie sagten, dass sie das Gefühl hatten, dass sie gerade durch das Experiment waren.'],
      dtype=object), 'en': array(['And the week before I showed up, the CEO of this big software company went to that group, 200 engineers, and canceled the project.',
       ""And I stood there in front of 200 of the most depressed people I've ever talked to."",
       'And I described to them some of these Lego experiments, and they said they felt like they had just been through that experiment.'],
      dtype=object), 'nl': array(['De week voor ik opdook, vertelde de CEO van het softwarebedrijf aan de groep van 200 ingenieurs dat het project geannuleerd was.',
       'Ik moest 200 van de meest depressieve mensen die ik ooit ontmoette, toespreken.',
       ""Ik beschreef hen enkele van mijn Lego-experimenten en ze bevestigden dat ze zich voelden alsof ze net aan zo'n experiment deelnamen.""],
      dtype=object), 'ru': array(['И за неделю до того, как я появился, генеральный директор этой крупной программной компании пошел в эту группу, 200 инженеров, и отменил проект.',
       'И я стоял там перед 200 наиболее депрессивными людьми, с которыми я когда-либо разговаривал.',
       'И я описал им некоторые из этих LEGO экспериментов, и они сказали, что они чувствовали, что они только что прошли этот эксперимент.'],
      dtype=object)}","{'de': 'Und die Woche vor meiner Ankunft ging der CEO dieses großen Software-Unternehmens zu dieser Gruppe, 200 Ingenieure, und kündigte das Projekt an. Und ich stand da vor 200 der deprimierendsten Menschen, mit denen ich je gesprochen habe. Und ich beschrieb ihnen einige dieser Lego-Experimente, und sie sagten, dass sie das Gefühl hatten, dass sie gerade durch das Experiment waren.', 'en': ""And the week before I showed up, the CEO of this big software company went to that group, 200 engineers, and canceled the project. And I stood there in front of 200 of the most depressed people I've ever talked to. And I described to them some of these Lego experiments, and they said they felt like they had just been through that experiment."", 'nl': ""De week voor ik opdook, vertelde de CEO van het softwarebedrijf aan de groep van 200 ingenieurs dat het project geannuleerd was. Ik moest 200 van de meest depressieve mensen die ik ooit ontmoette, toespreken. Ik beschreef hen enkele van mijn Lego-experimenten en ze bevestigden dat ze zich voelden alsof ze net aan zo'n experiment deelnamen."", 'ru': 'И за неделю до того, как я появился, генеральный директор этой крупной программной компании пошел в эту группу, 200 инженеров, и отменил проект. И я стоял там перед 200 наиболее депрессивными людьми, с которыми я когда-либо разговаривал. И я описал им некоторые из этих LEGO экспериментов, и они сказали, что они чувствовали, что они только что прошли этот эксперимент.'}"
1797,57,{'en': 'Thank you.'},"{'de': array(['Manchmal gehen Brian und ich mit Scarlett durch den Park, und sie rollt durch das Gras,',
       'und wir schauen nur auf sie und dann schauen wir uns gegenseitig an und fühlen Dankbarkeit.',
       'Wir vergessen alle unsere neuen Mittelschichtfrustrationen und Enttäuschungen, und wir fühlen uns wie Millionäre.'],
      dtype=object), 'en': array(['Sometimes Brian and I walk through the park with Scarlett, and she rolls through the grass,',
       'and we just look at her and then we look at each other and we feel gratitude.',
       'We forget about all of our new middle-class frustrations and disappointments, and we feel like millionaires.'],
      dtype=object), 'nl': array(['Soms lopen Brian en ik met Scarlett door het park en rolt ze door het gras.',
       'We kijken naar haar en dan kijken we naar elkaar en we voelen dankbaarheid.',
       'We vergeten onze middenklasse-frustraties en teleurstellingen en we voelen ons miljonairs.'],
      dtype=object), 'ru': array(['Иногда Брайан и я ходим по парку вместе со Скарлетт, и она катается по траве,',
       'и мы просто смотрим на нее, а потом смотрим друг на друга и чувствуем благодарность.',
       'Мы забываем обо всех наших новых разочарованиях среднего класса и чувствуем себя миллионерами.'],
      dtype=object)}","{'de': 'Manchmal gehen Brian und ich mit Scarlett durch den Park, und sie rollt durch das Gras, und wir schauen nur auf sie und dann schauen wir uns gegenseitig an und fühlen Dankbarkeit. Wir vergessen alle unsere neuen Mittelschichtfrustrationen und Enttäuschungen, und wir fühlen uns wie Millionäre.', 'en': 'Sometimes Brian and I walk through the park with Scarlett, and she rolls through the grass, and we just look at her and then we look at each other and we feel gratitude. We forget about all of our new middle-class frustrations and disappointments, and we feel like millionaires.', 'nl': 'Soms lopen Brian en ik met Scarlett door het park en rolt ze door het gras. We kijken naar haar en dan kijken we naar elkaar en we voelen dankbaarheid. We vergeten onze middenklasse-frustraties en teleurstellingen en we voelen ons miljonairs.', 'ru': 'Иногда Брайан и я ходим по парку вместе со Скарлетт, и она катается по траве, и мы просто смотрим на нее, а потом смотрим друг на друга и чувствуем благодарность. Мы забываем обо всех наших новых разочарованиях среднего класса и чувствуем себя миллионерами.'}"
1821,63,"{'en': ""You don't have a lot in your pockets. Anything down here?""}","{'de': array(['Hallo, Herr, könntest du bitte aufstehen? Genau da, wo du bist.',
       'Sie sind verheiratet, Sie folgen Anweisungen gut.',
       'Schön Sie zu treffen, Herr.'], dtype=object), 'en': array(['Hi, sir, could you stand up, please? Just right where you are.',
       ""You're married, you follow directions well."",
       'Nice to meet you, sir.'], dtype=object), 'nl': array(['Meneer, kunt u alstublieft voor me opstaan? Gewoon, waar u bent.',
       'U bent gehuwd. U volgt de aanwijzingen goed op.',
       'Aangename kennismaking.'], dtype=object), 'ru': array(['Здравствуйте, сэр, не могли бы вы встать, пожалуйста? Оставайтесь на месте.',
       'Вы женаты, вы хорошо следуете инструкциям.',
       'Приятно познакомиться, сэр.'], dtype=object)}","{'de': 'Hallo, Herr, könntest du bitte aufstehen? Genau da, wo du bist. Sie sind verheiratet, Sie folgen Anweisungen gut. Schön Sie zu treffen, Herr.', 'en': ""Hi, sir, could you stand up, please? Just right where you are. You're married, you follow directions well. Nice to meet you, sir."", 'nl': 'Meneer, kunt u alstublieft voor me opstaan? Gewoon, waar u bent. U bent gehuwd. U volgt de aanwijzingen goed op. Aangename kennismaking.', 'ru': 'Здравствуйте, сэр, не могли бы вы встать, пожалуйста? Оставайтесь на месте. Вы женаты, вы хорошо следуете инструкциям. Приятно познакомиться, сэр.'}"
2027,173,"{'en': 'because if we take a look at the first letters of your combinations, we get ""C-H-A-O-S"" for chaos and ""O-R-D-E-R"" for order.'}","{'de': array(['Es gibt noch eine Sache,',
       'da ist ein letztes Stück des Puzzles.',
       'Gwen, ich bin so dankbar für Ihre Entscheidungen'], dtype=object), 'en': array([""there's one more thing,"",
       ""there's one final piece of the puzzle."",
       'Gwen, I am so grateful for your choices'], dtype=object), 'nl': array(['Nog één ding.', 'Het laatste puzzelstukje.',
       'Gwen, ik ben zo dankbaar voor jouw keuzes.'], dtype=object), 'ru': array(['Есть еще одна вещь,',
       'есть еще один, последний кусочек головоломки.',
       'Гвен, я так благодарна за ваш выбор'], dtype=object)}","{'de': 'Es gibt noch eine Sache, da ist ein letztes Stück des Puzzles. Gwen, ich bin so dankbar für Ihre Entscheidungen', 'en': ""there's one more thing, there's one final piece of the puzzle. Gwen, I am so grateful for your choices"", 'nl': 'Nog één ding. Het laatste puzzelstukje. Gwen, ik ben zo dankbaar voor jouw keuzes.', 'ru': 'Есть еще одна вещь, есть еще один, последний кусочек головоломки. Гвен, я так благодарна за ваш выбор'}"
2264,225,"{'en': ""You have to stand tall, breathe in through your nose, and I'm going to photograph you. Okay?""}","{'de': array(['Wir verstehen es wirklich alle, und wir haben diesen globalen digitalen Kamin, nicht wahr?',
       'aber ich möchte euch mit der Welt teilen, weil ihr auch ein Stamm seid.',
       'Ihr seid das TED-Tribe, ja? Aber das Kompliment solltet ihr euch erinnern.'],
      dtype=object), 'en': array([""We truly do all understand it, and we have this global digital fireplace, don't we,"",
       'but I want to share you with the world, because you are also a tribe.',
       'You are the TED tribe, yeah? But you have to remember that compliment.'],
      dtype=object), 'nl': array([""We begrijpen het echt en we hebben zo'n wereldwijd digitaal kampvuur, niet waar?"",
       'Maar ik wil jullie met de wereld delen, want jullie zijn ook een stam.',
       'Jullie zijn toch de TED-stam? Maar je moet aan dat compliment denken.'],
      dtype=object), 'ru': array(['Мы действительно все это понимаем, и у нас есть этот глобальный цифровой камин, не так ли,',
       'но я хочу поделиться вами со всем миром, потому что вы тоже принадлежите к племени.',
       'Вы из племени TED, да? Но вы должны помнить этот комплимент.'],
      dtype=object)}","{'de': 'Wir verstehen es wirklich alle, und wir haben diesen globalen digitalen Kamin, nicht wahr? aber ich möchte euch mit der Welt teilen, weil ihr auch ein Stamm seid. Ihr seid das TED-Tribe, ja? Aber das Kompliment solltet ihr euch erinnern.', 'en': ""We truly do all understand it, and we have this global digital fireplace, don't we, but I want to share you with the world, because you are also a tribe. You are the TED tribe, yeah? But you have to remember that compliment."", 'nl': ""We begrijpen het echt en we hebben zo'n wereldwijd digitaal kampvuur, niet waar? Maar ik wil jullie met de wereld delen, want jullie zijn ook een stam. Jullie zijn toch de TED-stam? Maar je moet aan dat compliment denken."", 'ru': 'Мы действительно все это понимаем, и у нас есть этот глобальный цифровой камин, не так ли, но я хочу поделиться вами со всем миром, потому что вы тоже принадлежите к племени. Вы из племени TED, да? Но вы должны помнить этот комплимент.'}"
2394,18,"{'en': ""I don't know about you. But anyway --""}","{'de': array(['LT: JF: Nein, das ist wahr.',
       'Ich existiere, weil ich meine Freundinnen habe.',
       'Du bist einer von ihnen.'], dtype=object), 'en': array([""LT: JF: No, it's true."",
       'I exist because I have my women friends. They --',
       ""You're one of them.""], dtype=object), 'nl': array(['LT: JF: Nee, dat is waar.', 'Ik besta omdat ik vriendinnen heb.',
       'Jij bent er één van.'], dtype=object), 'ru': array(['ЛТ: ДФ: Нет, это правда.',
       'Я существую, потому что у меня есть подруги. Они --',
       'ты одна из них.'], dtype=object)}","{'de': 'LT: JF: Nein, das ist wahr. Ich existiere, weil ich meine Freundinnen habe. Du bist einer von ihnen.', 'en': ""LT: JF: No, it's true. I exist because I have my women friends. They -- You're one of them."", 'nl': 'LT: JF: Nee, dat is waar. Ik besta omdat ik vriendinnen heb. Jij bent er één van.', 'ru': 'ЛТ: ДФ: Нет, это правда. Я существую, потому что у меня есть подруги. Они -- ты одна из них.'}"
